track_id,known_song,joy,sadness,anger,fear,love,nostalgia,neutral
TRFUSZS128F429F3C1,TRUE,0.1,0.8,0.2,0.1,0.3,0.7,0.2
TRRHMRE12903CE73EE,TRUE,0.2,0.6,0.1,0,0.3,0.7,0.2
TRXTZAK128F423626D,TRUE,0.1,0.8,0.2,0.1,0.3,0.7,0.2
TROCOHZ12903CE7075,TRUE,0.2,0.8,0.1,0.2,0.3,0.7,0.1
TRBSAFI128F4249FBD,TRUE,0.2,0.8,0.1,0,0.7,0.6,0.1
TRWYSVK128F933EC0D,TRUE,0.1,0.7,0.2,0.1,0.3,0.6,0.2
TRXOCNX128F92CA206,TRUE,0.3,0.4,0,0,0.5,0.7,0.3
TRGIISJ12903CEC992,TRUE,0.6,0.3,0,0,0.8,0.7,0.1
TRJXTGU128F9359B68,TRUE,0.2,0.7,0.3,0.1,0.4,0.8,0.1
TRAYUWU128F423F66D,TRUE,0.2,0.7,0.3,0.1,0.1,0.8,0.2
TRIVDOK128F427F8E9,TRUE,0.6,0.1,0,0,0.3,0.7,0.2
TRUDNZU12903CAF55B,TRUE,0.1,0.8,0.2,0.3,0.1,0.7,0.1
TRNNLCQ128F426E87E,TRUE,0.2,0.7,0.1,0.1,0.3,0.8,0.2
TRLJGBI128F935F361,TRUE,0.1,0.8,0.1,0.2,0.3,0.7,0.1
TRQYSYF128F935F350,TRUE,0.1,0.8,0.2,0.1,0.6,0.7,0.1
TRSOTHY128F932C6C5,TRUE,0.2,0.5,0.3,0.1,0.4,0.7,0.3
TRFADTM12903CB158C,TRUE,0.4,0.7,0,0,0.6,0.8,0.1
TRKVUJW128F421EE29,TRUE,0.2,0.7,0.1,0,0.6,0.8,0.1
TRWXLLW128F42BCDC3,TRUE,0.2,0.7,0.3,0.1,0.1,0.8,0.2
TRXOHOD128F9306A56,TRUE,0.1,0.8,0.2,0.1,0.3,0.7,0.1
TRVFJLH128F4236290,TRUE,0.1,0.8,0.2,0.3,0.1,0.7,0.1
TROOIKH12903CC6109,TRUE,0.1,0.8,0.2,0.1,0.3,0.7,0.2
TRBRGVB128F4240C12,TRUE,0.2,0.7,0.1,0,0.3,0.6,0.2
TRZFLTW128F426E881,TRUE,0.2,0.7,0.4,0.1,0.1,0.6,0.2
TRXWWGC12903CDDEA1,TRUE,0.1,0.7,0.2,0.3,0.1,0.6,0.1
TRHYOOF12903CE46EB,TRUE,0.3,0.4,0,0,0.2,0.7,0.3
TRQMKDZ128F9309AE4,TRUE,0.1,0.7,0.3,0.1,0.4,0.6,0.2
TRXCXQM128F934A6EC,TRUE,0.3,0.6,0.1,0,0.4,0.7,0.2
TRFLSMH12903CE7130,TRUE,0.1,0.8,0.2,0.1,0.4,0.7,0.2
TRWUXIP128F9318404,TRUE,0.8,0.1,0,0,0.7,0.6,0.2
TRBOZBV128F4236286,TRUE,0.1,0.8,0,0.3,0.2,0.7,0.1
TRSYTRQ128F4240C0D,TRUE,0.2,0.7,0.1,0.1,0.3,0.8,0.2
TRMUXQE128F426D9E7,TRUE,0.2,0.8,0,0,0.6,0.7,0.1
TRACBWQ128F92F2B91,TRUE,0.4,0.3,0.2,0,0.3,0.7,0.3
TRZFMWS128F426C169,TRUE,0.2,0.8,0.1,0.1,0.6,0.7,0.1
TRUCDNQ12903CBD343,TRUE,0.1,0.8,0,0.2,0.3,0.7,0.1
TRAJEBH12903CE73F4,TRUE,0.1,0.8,0.2,0.1,0.3,0.7,0.2
TRGXCUK12903CB6245,TRUE,0.3,0.6,0.1,0,0.2,0.7,0.2
TRMQIVO128F422A92B,TRUE,0.1,0.8,0.2,0.1,0.3,0.7,0.2
TRNADYX128F42699DF,TRUE,0.6,0.3,0,0,0.4,0.7,0.2
TROPTYS128F9326047,TRUE,0.1,0.8,0.2,0.3,0.2,0.7,0.1
TRSQACU12903D00192,TRUE,0.2,0.8,0.1,0.1,0.6,0.7,0.2
TRKGALH12903D1206E,TRUE,0.3,0.6,0,0,0.3,0.7,0.2
TREAVFK128F9359997,TRUE,0.2,0.7,0.3,0.1,0.4,0.8,0.2
TRFZAFH128F92E7973,TRUE,0.4,0.3,0.2,0,0.3,0.7,0.3
TRWVMJQ128F4249BCE,TRUE,0.2,0.8,0,0,0.7,0.7,0.1
TRRKUMV128F9300330,TRUE,0.2,0.7,0.3,0.1,0.3,0.6,0.2
TRUWTCO128F931FCB5,TRUE,0.3,0.7,0,0,0.4,0.6,0.2
TRJVUGM128F9336A17,TRUE,0.5,0.3,0,0,0.6,0.7,0.2
TRPNIKB12903CE690B,TRUE,0.3,0.7,0,0,0.4,0.6,0.2
TREEYKR12903CD8FC9,TRUE,0.3,0.6,0,0,0.4,0.7,0.2
TRHGIVJ128F93151DB,TRUE,0.2,0.7,0.3,0.1,0.1,0.8,0.2
TRCOJBT128F9306EC6,TRUE,0.3,0.6,0,0,0.7,0.7,0.2
TRPCHAB12903D12073,TRUE,0.2,0.7,0.1,0.1,0.3,0.6,0.2
TRISTAT12903CFCBA1,TRUE,0.3,0.6,0.1,0.2,0.5,0.7,0.2
TRJZJWG128F426E8B3,TRUE,0.3,0.6,0.1,0.1,0.4,0.8,0.2
TRYFNGW128F422AAA1,TRUE,0.3,0.2,0.1,0,0.1,0.7,0.4
TRCQOUH128F930B7F3,TRUE,0.5,0.3,0.2,0.1,0.1,0.7,0.4
TRTYRWX128F930B7BF,TRUE,0.2,0.7,0.1,0,0.4,0.6,0.1
TRPDHCE128F42806B4,TRUE,0.2,0.7,0.3,0.1,0.3,0.6,0.2
TRYOQOC12903C9628A,TRUE,0.8,0,0,0,0.5,0.7,0.2
TRGZLKA128F9359961,TRUE,0.2,0.7,0.1,0.1,0.3,0.8,0.2
TRWQDOL12903CB11EB,TRUE,0.1,0.8,0,0,0.7,0.6,0.1
TRXRCIP128F427E159,TRUE,0.1,0.8,0.1,0.1,0.3,0.7,0.2
TRGJHUQ128F92FEF7E,TRUE,0.1,0.8,0,0,0.6,0.7,0.1
TRBTJBU128F42806AE,TRUE,0.3,0.6,0.2,0.1,0.4,0.7,0.3
TRXFDCH128F9332492,TRUE,0.1,0.8,0.2,0.1,0.3,0.7,0.2
TRBTWLV128F92D85DD,TRUE,0.8,0.2,0,0,0.4,0.7,0.1
TRJMLKX12903CAA174,TRUE,0.8,0.1,0,0,0.9,0.7,0.1
TRCWJGN12903CCD802,TRUE,0.8,0.1,0,0,0.6,0.7,0.2
TRPUDBZ128F429FBA1,TRUE,0.1,0.8,0.1,0.2,0.3,0.7,0.2
TREKKYO12903CB0F4A,TRUE,0.2,0.7,0.1,0,0.3,0.8,0.2
TRAHZUK128F424BF7E,TRUE,0.6,0.3,0,0,0.5,0.7,0.2
TRMIUTB128F145DE12,TRUE,0.7,0.3,0,0,0.8,0.7,0.1
TRVBAHP128F930B83B,TRUE,0.2,0.7,0.1,0,0.3,0.8,0.1
TRDZOHQ128F14A4630,TRUE,0,0.9,0.7,0.6,0,0.5,0
TRGRTJG128F4280BCA,TRUE,0.3,0.4,0.2,0.1,0.2,0.7,0.3
TRRDSTH12903CF37F7,TRUE,0.1,0.8,0.2,0.1,0.4,0.7,0.1
TROKCEO128F424320C,TRUE,0.6,0.3,0,0,0.7,0.7,0.2
TRHCNMK128EF347E57,TRUE,0.2,0.7,0.1,0,0.3,0.6,0.1
TRTEIWG128F4280BBD,TRUE,0.2,0.8,0.3,0.1,0.1,0.7,0.2
TRKOOHJ128F14912BE,TRUE,0.4,0.6,0,0,0.8,0.7,0.1
TRAOOWB12903CC889F,TRUE,0.6,0.3,0,0,0.7,0.8,0.2
TRHGRJB128F427FDBD,TRUE,0.2,0.7,0,0,0.6,0.7,0.1
TREPCVZ128F931C383,TRUE,0.3,0.6,0.1,0,0.2,0.7,0.2
TRUXSXM128F14851C2,TRUE,0.5,0.3,0,0,0.8,0.7,0.2
TRFWSJP12903CC4DC2,TRUE,0.4,0.6,0,0,0.8,0.7,0.2
TRHPNDU128F9326A35,TRUE,0.1,0.9,0,0.3,0.2,0.7,0.1
TRALXJE12903CC4DB9,TRUE,0.4,0.5,0,0,0.8,0.7,0.1
TRQXFSH12903D0C4DF,TRUE,0.3,0.7,0,0,0.4,0.8,0.2
TRMLAMB128F427ED22,TRUE,0.2,0.7,0.1,0.1,0.3,0.8,0.2
TRDWCCX12903CB5C7A,TRUE,0.7,0.3,0,0,0.9,0.6,0.1
TRKWNIH128F92FB844,TRUE,0.3,0.5,0,0,0.2,0.7,0.3
TRTHSVF128F4278100,TRUE,0.1,0.8,0,0,0.6,0.7,0.1
TRXZHEC128F4280BB2,TRUE,0.7,0.1,0,0,0.2,0.6,0.3
TROLLLO128F92F3DC3,TRUE,0.4,0.3,0,0,0.2,0.7,0.3
TRGBIQZ128F426977D,TRUE,0.1,0.8,0.3,0.2,0.1,0.7,0.2
TRCEFME128F930E5AA,TRUE,0.4,0.6,0.1,0,0.3,0.7,0.2
TRINQZZ128F426EBFD,TRUE,0.3,0.6,0,0,0.7,0.8,0.1
TRAZIPR128F42A7AB5,TRUE,0.3,0.6,0,0,0.4,0.7,0.2
TRVYFMI128F429FC73,TRUE,0.2,0.7,0.3,0.1,0.4,0.8,0.2
TRMMVOA128F9321EE0,TRUE,0.6,0.3,0,0,0.4,0.7,0.2
TRMWAOD128F92F0C32,TRUE,0.2,0.7,0,0,0.6,0.8,0.1
TRDPPGU128F92FE2EB,TRUE,0.3,0.6,0,0,0.8,0.7,0.1
TRXUPEZ128F426C0E8,TRUE,0.5,0.3,0,0,0.4,0.7,0.2
TRGTEGE128F934A3F9,TRUE,0.2,0.8,0.1,0.1,0.3,0.7,0.3
TRMUSYS128F933A26D,TRUE,0.7,0.1,0,0,0.3,0.6,0.2
TRDKKRJ12903CB1727,TRUE,0.6,0.2,0,0,0.9,0.7,0.1
TRSWMMU12903CA7FF8,TRUE,0.1,0.8,0,0,0.6,0.7,0.1
TRMJBRG128F42A7916,TRUE,0.4,0.3,0,0,0.7,0.6,0.2
TRPNJQS128F429F297,TRUE,0.1,0.7,0.2,0.1,0.5,0.8,0.1
TRHHTKK12903CF430A,TRUE,0,0.9,0,0.3,0.7,0.6,0.1
TRLVGZR128F93224A4,TRUE,0.5,0.4,0,0,0.7,0.8,0.2
TRBCCXT128F9341987,TRUE,0.6,0.2,0,0,0.7,0.7,0.1
TRUXOSF128F426D77C,TRUE,0.4,0.6,0,0,0.3,0.7,0.2
TRSGEGE128F932612B,TRUE,0.2,0.7,0.3,0.3,0.1,0.6,0.2
TRYXFQS128F42780F1,TRUE,0.1,0.8,0,0.2,0.6,0.7,0.1
TRDMRSX12903CB5C80,TRUE,0.2,0.3,0.7,0,0.1,0.4,0.2
TRINBQR128F92E6A88,TRUE,0.1,0.8,0.2,0.3,0.1,0.7,0.2
TRXEOMV128EF34743A,TRUE,0.3,0.7,0,0,0.4,0.8,0.1
TRFAGNN128F92E3DC0,TRUE,0.4,0.3,0,0,0.5,0.7,0.2
TRXACXM128F92FB147,FALSE,0,0,0,0,0,0,1
TRNBIUT128F4247E67,TRUE,0.2,0.7,0.1,0,0.3,0.6,0.2
TRBDVYQ128F92D631E,TRUE,0.3,0.6,0.2,0,0.1,0.7,0.2
TRWLSEV128F424894F,TRUE,0.6,0.3,0,0,0.8,0.7,0.1
TRMISIF128F9326A34,TRUE,0.5,0.3,0,0,0.7,0.6,0.2
TRBWDAE128F92F9FB5,TRUE,0.2,0.7,0.1,0.1,0.6,0.7,0.1
TRVXFUG12903CAAF87,TRUE,0.3,0.4,0.2,0,0.6,0.7,0.1
TREAPSO12903CC6C76,TRUE,0.1,0.8,0.4,0.3,0,0.6,0.1
TRQZDUJ128F92EA877,TRUE,0.8,0,0,0,0.6,0.7,0.1
TRLYGGS128F930DCEE,TRUE,0.1,0.8,0.1,0,0.6,0.7,0.1
TRMUKIY12903CD7C60,TRUE,0.7,0.1,0,0,0.6,0.8,0.2
TRLJSGJ128F42465CD,TRUE,0.2,0.7,0.1,0.1,0.3,0.6,0.2
TRQYXXU128F92FB907,TRUE,0.3,0.4,0.2,0.1,0.1,0.7,0.3
TRBPKZJ128F92D2C03,TRUE,0.3,0.6,0.4,0.1,0.2,0.7,0.2
TRGZEZU128F1459DF9,TRUE,0.1,0.8,0.2,0.1,0.3,0.7,0.1
TRUVIPB128F93399F5,TRUE,0.2,0.7,0.3,0.1,0.1,0.6,0.2
TROFOEK128F932C8B1,TRUE,0.5,0.3,0,0,0.7,0.6,0.2
TRFFBFJ12903CDFF06,TRUE,0.6,0.4,0,0,0.5,0.9,0.2
TRGVTHT12903CFB7BC,TRUE,0.5,0.7,0,0,0.8,0.9,0.1
TRHKZXA128F9326133,TRUE,0.3,0.6,0.2,0.1,0.2,0.7,0.3
TRZYLSO128F93591CB,TRUE,0.4,0.3,0,0,0.5,0.7,0.2
TRDAJWT128F427E97E,TRUE,0.1,0.8,0.2,0.1,0.3,0.7,0.2
TRYGJWK12903CFF8EF,TRUE,0.1,0.6,0.7,0.3,0.1,0.5,0.2
TRJKGHZ128F93202CA,TRUE,0.6,0.2,0,0,0.5,0.7,0.3
TRPKCEU128F423C429,TRUE,0.7,0.1,0,0,0.3,0.6,0.2
TRYGSQP12903CFD2F2,TRUE,0.2,0.8,0,0,0.6,0.7,0.1
TRTNDTF128F1459664,TRUE,0.7,0.1,0,0,0.3,0.6,0.2
TRPJQDT128F92D89B6,TRUE,0.3,0.6,0,0,0.7,0.8,0.2
TRGYEMK128F92ECFF9,TRUE,0.2,0.7,0,0,0.6,0.7,0.1
TRFZOZO128F933EF5F,TRUE,0.3,0.6,0.1,0.1,0.2,0.7,0.2
TRSXGXB12903CA4879,TRUE,0.3,0.2,0.5,0,0.1,0.6,0.3
TRWGFRI128F92E1271,TRUE,0.1,0.7,0.4,0,0.3,0.6,0.1
TRWDSZJ12903D079BA,TRUE,0.3,0.7,0,0,0.9,0.8,0
TRQETGO128F14620BD,TRUE,0.5,0.3,0,0,0.6,0.7,0.2
TRTTTFM128F932CC2A,TRUE,0.3,0.7,0,0,0.6,0.7,0.1
TREFXXT128F92F0CD5,TRUE,0.6,0.3,0,0,0.7,0.7,0.2
TRMAOOP12903CDCF3A,TRUE,0.7,0.1,0,0,0.8,0.6,0.1
TRMAOIQ128F9326A3B,TRUE,0.3,0.7,0,0,0.6,0.8,0.1
TRLJGIX128F92F323D,TRUE,0.3,0.4,0.2,0.1,0.2,0.7,0.3
TRLNCJX128F92F1265,TRUE,0.4,0.5,0,0,0.7,0.6,0.2
TRTJQZD128F92EF881,TRUE,0.3,0.6,0.2,0,0.4,0.7,0.3
TRMPJOS128F9325E41,TRUE,0.8,0.1,0,0,0.3,0.5,0.1
TRXBFWE128F4246574,TRUE,0.4,0.5,0,0,0.7,0.8,0.2
TRLMNFS128F92EAC45,TRUE,0.5,0.3,0,0,0.7,0.6,0.2
TRTVTYV12903CFB4BC,TRUE,0.3,0.6,0,0,0.4,0.7,0.2
TRFPFMD128F9307DD4,TRUE,0.6,0.3,0,0,0.4,0.7,0.2
TRWYSCL128F93545CF,TRUE,0.8,0,0,0,0.3,0.6,0.1
TRCJGGE128F92FC824,TRUE,0.7,0.1,0,0,0.3,0.6,0.2
TRXSWZV128F4219DAA,TRUE,0.4,0.5,0,0.2,0.8,0.7,0.1
TRQKNVC12903CB0448,TRUE,0.3,0.7,0.2,0.1,0.4,0.6,0.2
TRAOMMU128F933878B,TRUE,0.2,0.7,0.1,0,0.6,0.8,0.1
TRNUIUW128F145614F,TRUE,0.4,0.3,0,0,0.6,0.7,0.2
TRJGYSN128F145A87C,TRUE,0.4,0.3,0,0,0.2,0.6,0.3
TRTPKIY128F93011EF,TRUE,0.7,0.2,0,0,0.6,0.5,0.1
TRGODMP12903C965D7,TRUE,0.7,0.2,0,0,0.6,0.7,0.1
TRWYNAB12903CDC72B,TRUE,0.3,0.7,0,0,0.8,0.6,0.1
TRKZWQJ128F145E401,TRUE,0.6,0.3,0,0.4,0,0.5,0.2
TRRHYXC12903CAC08F,TRUE,0.6,0.3,0,0,0.8,0.7,0.2
TRXVUOG12903CB3415,TRUE,0.4,0.5,0,0,0.7,0.6,0.2
TRBHYHT12903CB3AC0,TRUE,0.8,0.1,0,0,0.6,0.7,0.1
TROILXM12903D15CAE,TRUE,0.3,0.5,0,0,0.4,0.7,0.2
TRIPAHK128F4264405,TRUE,0.8,0.1,0,0,0.7,0.6,0.1
TRYDXDU128F1491337,TRUE,0.5,0.2,0,0,0.1,0.7,0.3
TRVIEJI128F9317FFD,TRUE,0.6,0.3,0,0,0.8,0.7,0.1
TRORDEA12903C93D31,TRUE,0.7,0.1,0,0,0.3,0.5,0.2
TRFYTSQ128F93179B3,TRUE,0.1,0.7,0,0,0.6,0.7,0.1
TRPYJHC128F422FCAB,TRUE,0.3,0.7,0.1,0,0.6,0.8,0.1
TRUXIOR12903D03050,TRUE,0.2,0.7,0.1,0.1,0.6,0.7,0.1
TRSNVWM12903CC718E,TRUE,0.7,0.1,0,0,0.3,0.6,0.2
TREWGZO128F42A795A,TRUE,0.7,0,0.1,0,0.3,0.6,0.2
TRVLLIE12903C95045,TRUE,0.1,0.7,0,0,0.3,0.6,0.2
TRCTJER12903CB76E9,TRUE,0.4,0.5,0,0,0.7,0.6,0.2
TRGUXJZ128F9303093,TRUE,0.6,0.1,0,0,0.3,0.7,0.2
TRTTZEL12903CFD0F3,TRUE,0.8,0.1,0,0,0.6,0.7,0.1
TRFRNZD12903CF45C1,TRUE,0.6,0.1,0,0,0.3,0.7,0.3
TRXKQPO12903CD7611,TRUE,0.5,0.4,0,0,0.7,0.6,0.2
TRMIZJT128F4220F96,TRUE,0.3,0.4,0,0,0.2,0.7,0.3
TRNZQQM128F9307DE1,TRUE,0.4,0.6,0,0,0.7,0.7,0.2
TRGFQFA12903D13D85,TRUE,0.2,0.7,0,0,0.6,0.7,0.1
TRCRTRA12903CC113E,TRUE,0.5,0.3,0,0,0.4,0.7,0.3
TRXZLKU128F1462813,TRUE,0.8,0.1,0,0,0.6,0.7,0.1
TRHYGVQ12903D046A9,TRUE,0.2,0.8,0,0,0.6,0.9,0.1
TRNRIQL128F9326494,TRUE,0.4,0.3,0,0,0.7,0.6,0.2
TRCQPQG12903CCF19E,TRUE,0.8,0,0.1,0,0.3,0.6,0.1
TRKRZEQ128F92FB96A,TRUE,0.7,0.1,0,0,0.6,0.5,0.2
TRENGVB128F930323F,TRUE,0.5,0.3,0.2,0,0.6,0.7,0.2
TRGIWZI128F145B821,TRUE,0.7,0.1,0,0,0.3,0.6,0.2
TRKSFBN12903CE1A6D,TRUE,0.5,0.2,0,0,0.3,0.7,0.3
TRISGZA12903CAAC14,TRUE,0.1,0.8,0,0,0.6,0.7,0.1
TRFSSTO128F931951A,TRUE,0.3,0.6,0,0,0.4,0.7,0.2
TRIBQDZ128F9326491,TRUE,0.3,0.4,0,0,0.7,0.6,0.2
TRSVSTG128F426CEEC,TRUE,0.7,0.2,0,0,0.6,0.8,0.1
TRVFSPE128F930AA04,TRUE,0.6,0.3,0,0,0.8,0.7,0.1
TROSIXU128F4295024,TRUE,0.2,0.8,0,0,0.7,0.6,0.1
TRMVDQT12903C96E3C,TRUE,0.6,0.3,0,0,0.5,0.7,0.1
TRBDBKV12903CE396B,TRUE,0.7,0.2,0.1,0.3,0.1,0.6,0.2
TRCQNHL128F4283B83,TRUE,0.6,0.3,0,0,0.8,0.7,0.1
TRFVAUS128F9323037,TRUE,0.7,0,0,0,0,0.4,0.3
TRQSTWS12903CBD12F,TRUE,0.3,0.2,0,0,0.7,0.6,0.2
TRSOQIZ128F931FBC3,TRUE,0.2,0.6,0,0,0.3,0.7,0.2
TRZLPAT128F933D91F,TRUE,0.9,0,0,0,0.3,0.6,0.1
TRNLEVS12903CA4870,TRUE,0.3,0.7,0.1,0,0.2,0.6,0.1
TRQHZTQ128F930098E,TRUE,0.4,0.3,0,0,0.6,0.7,0.3
TRAJUTJ128F92F36EB,TRUE,0.2,0.7,0,0,0.6,0.8,0.1
TRSREHY128F9327F6A,TRUE,0.2,0.7,0.1,0.1,0.3,0.6,0.2
TRQYVTL12903CB4C62,TRUE,0.7,0.3,0,0.2,0.1,0.8,0.1
TRZVDQR12903CB38B5,TRUE,0.7,0.3,0,0,0.4,0.6,0.1
TRDBGLF12903CF4D54,TRUE,0.6,0.3,0,0,0.2,0.7,0.3
TRKFRLT12903CA757E,TRUE,0.5,0.3,0.1,0,0.4,0.7,0.2
TRYTEGY12903CA0D77,TRUE,0.8,0.1,0,0,0.6,0.7,0.1
TRTRROS128F426BF43,TRUE,0.3,0.4,0,0,0.7,0.5,0.2
TRNZKSQ12903CC598C,TRUE,0.7,0.1,0.2,0,0.3,0.6,0.2
TRQKUGZ128F92FB11C,TRUE,0.3,0.6,0,0,0.7,0.7,0.1
TRFRSTP12903CE9B55,TRUE,0.4,0.5,0,0,0.6,0.7,0.3
TRONPBT12903CF0994,TRUE,0.6,0.1,0,0,0.7,0.7,0.2
TRLOCNU12903D15860,TRUE,0.6,0.3,0,0,0.8,0.7,0.2
TRXIYUL128F93265EC,TRUE,0.6,0.3,0,0,0.8,0.7,0.1
TREMGGE128F92C2DFC,TRUE,0.3,0.7,0,0,0.8,0.6,0.1
TRNBZVW128F92EE688,TRUE,0.6,0.4,0,0,0.5,0.8,0.2
TRDHVRV128F429E3F6,TRUE,0.7,0.3,0,0,0.4,0.6,0.2
TRKCDMB12903CD74E0,TRUE,0.1,0.8,0,0.3,0.4,0.7,0.1
TRKPKSB128F425DF0D,TRUE,0.6,0.1,0,0,0.3,0.7,0.2
TRENMTA128F932713A,TRUE,0.3,0.6,0.1,0,0.4,0.5,0.2
TRUIYLI128F92F624A,TRUE,0.7,0.1,0.2,0,0.6,0.5,0.1
TRULPRC128F42A9D20,TRUE,0.9,0,0,0,0.3,0.6,0.1
TRBIHJV12903CD47BD,TRUE,0.3,0.5,0,0,0.4,0.6,0.2
TRUQGHX12903CDF956,TRUE,0.6,0.1,0,0,0.7,0.7,0.1
TRNVPUQ128F9326A31,TRUE,0.6,0.1,0,0,0.8,0.5,0.2
TRMRAFF128F92FB7D1,TRUE,0.6,0.2,0,0,0.7,0.5,0.1
TRCOKHQ128F92D8927,TRUE,0.4,0.3,0,0,0.8,0.6,0.1
TRDWNZV12903CA1659,TRUE,0.8,0.1,0.2,0,0.3,0.6,0.1
TRHRKPJ128F932F884,TRUE,0.8,0.1,0.2,0,0.4,0.6,0.1
TRFWXOJ12903CED198,TRUE,0.3,0.7,0,0,0.4,0.8,0.2
TRKCLRV12903CAB3D0,TRUE,0.6,0.3,0,0,0.7,0.7,0.1
TRFSACZ128F42B9A5D,TRUE,0.4,0.5,0,0,0.3,0.7,0.2
TRNGIQN128F146C1C0,TRUE,0.3,0.6,0,0,0.5,0.7,0.2
TREDQPA12903CA21A4,TRUE,0.5,0.3,0,0,0.4,0.6,0.2
TRQOZWP128F145AD6C,TRUE,0.2,0.8,0,0,0.6,0.7,0.1
TRDPHMH128F93016FA,TRUE,0.4,0.3,0,0,0.5,0.4,0.3
TRYJUHR128F427DB03,TRUE,0.5,0.3,0,0,0.8,0.6,0.2
TRPEZRP128F14674DE,TRUE,0.2,0.1,0,0,0.3,0.4,0.7
TRXZMTM128F427F0D5,TRUE,0.8,0,0,0,0.3,0.6,0.1
TRKSUFV128F4265476,TRUE,0.3,0.7,0,0,0.9,0.6,0.1
TRWUDTK12903C9FBA1,TRUE,0.6,0.2,0.1,0,0.3,0.7,0.2
TRFXVRQ128F4270408,TRUE,0.3,0.7,0,0,0.8,0.6,0.1
TRDXKGJ128F92F611A,TRUE,0.7,0,0,0,0.3,0.5,0.2
TRGFONT128F4257B43,TRUE,0.4,0.3,0,0,0.5,0.6,0.3
TRIMBXL12903C971E3,TRUE,0.6,0.2,0,0,0.7,0.7,0.1
TRBPMFM128F148AF25,TRUE,0.7,0,0,0,0.3,0.5,0.2
TRSAJNH128F145E7AB,TRUE,0.5,0.3,0.4,0.1,0.2,0.6,0.3
TRDXYHD128F429FB56,TRUE,0.3,0.7,0,0,0.6,0.8,0.2
TRKCYGI128F426A4EC,TRUE,0.3,0.2,0.5,0.1,0.4,0.4,0.3
TRHZNSD128F42437D3,TRUE,0.1,0.8,0.3,0.2,0.2,0.7,0.1
TRQOWFX128F14A3A7F,TRUE,0.3,0.6,0,0,0.4,0.7,0.3
TRBHYDF128F42992A3,TRUE,0.4,0.3,0.1,0,0,0.5,0.6
TRLXCKN128E078B05E,TRUE,0.3,0.7,0,0,0.4,0.6,0.2
TRIGHGX128F427EDBC,TRUE,0.1,0.7,0.2,0.3,0.1,0.6,0.2
TRGIQGK128F4284934,TRUE,0.3,0.5,0,0,0.6,0.7,0.2
TRFCRVA12903C9C92C,TRUE,0.7,0.2,0,0,0.6,0.5,0.1
TRGECZO12903CF03C6,TRUE,0.2,0.8,0,0,0.7,0.7,0.1
TRXNKEQ128F42992D6,TRUE,0.6,0.3,0,0,0,0.5,0.4
TRAHLWR128E0789609,TRUE,0.6,0.1,0,0,0.7,0.5,0.2
TRMMCHN128E079507C,TRUE,0.3,0.7,0.1,0,0.4,0.6,0.2
TRDIKYA128F146264F,TRUE,0.4,0.3,0,0,0.2,0.6,0.5
TRYVWZR128E0781B2F,TRUE,0.2,0.7,0.3,0.4,0.1,0.6,0.3
TRKUNRA128F4282A7F,TRUE,0.2,0.7,0,0,0.5,0.8,0.1
TRGZUWN128F4271836,TRUE,0.8,0.1,0,0,0.3,0.5,0.2
TRAOALO128F427CB1D,TRUE,0.8,0.1,0,0,0.6,0.5,0.2
TRDRGNN12903CB940C,TRUE,0.1,0.8,0.2,0.1,0.3,0.7,0.1
TRWWZQM128E0782BD6,TRUE,0.3,0.5,0.2,0.1,0.4,0.6,0.3
TRTOGFC128F4275E44,TRUE,0.5,0.3,0,0,0.7,0.6,0.2
TRMANKQ128F1463476,TRUE,0.5,0.3,0,0,0.4,0.6,0.3
TRWLGQC128F9348385,TRUE,0.4,0.6,0,0,0.7,0.5,0.2
TRKXZHT128F14777FB,TRUE,0.4,0.6,0,0,0.7,0.5,0.2
TRPXBCJ128EF344301,TRUE,0.6,0.3,0,0,0.7,0.5,0.2
TRPCBVZ128F92F8D2A,TRUE,0.8,0,0,0,0.3,0.6,0.1
TRWRMVI128F425A880,TRUE,0.5,0.3,0.4,0,0.3,0.6,0.2
TRAIXZG128E0780E6A,TRUE,0.1,0.8,0,0,0.3,0.7,0.2
TRLVMKX128F4276771,TRUE,0.5,0.3,0,0,0.7,0.6,0.2
TRBXUYO128F92FAF16,TRUE,0.4,0.3,0,0,0.5,0.6,0.3
TRZDIRH128E07923FB,TRUE,0.8,0.2,0,0,0.7,0.6,0.1
TRHCMKU128F92C468F,TRUE,0.3,0.6,0,0,0.7,0.8,0.2
TRHIJWN128F92F2A8A,TRUE,0.7,0,0,0.3,0.6,0.7,0.1
TRZYPUA128E078F880,TRUE,0.4,0.3,0,0,0.2,0.6,0.3
TRDGYDV128F4291C59,TRUE,0.5,0.3,0,0,0.4,0.6,0.3
TRTWJLE128F429D514,TRUE,0.4,0.3,0,0,0.2,0.6,0.5
TRXIPYO128F145B509,TRUE,0.3,0.4,0.5,0.2,0.1,0.6,0.3
TRLQSIK128F1497917,TRUE,0.5,0.2,0,0,0.3,0.6,0.4
TRWAWDV128F426C909,TRUE,0.3,0.6,0,0,0.4,0.7,0.3
TROLZMF128F423794C,TRUE,0.3,0.4,0.2,0.1,0.2,0.5,0.5
TRYZWAR128F92FFC66,TRUE,0.5,0.3,0,0,0.2,0.4,0.3
TRZWPKC128F1473A59,TRUE,0.7,0.1,0,0,0.8,0.6,0.1
TRAZOZO128F931B0A1,TRUE,0.8,0.1,0,0,0.7,0.4,0.1
TRMYZXU128F146D5FF,TRUE,0.2,0.7,0.1,0,0.6,0.5,0.1
TRFBCOK128F145AE60,TRUE,0.7,0.1,0,0,0.2,0.4,0.3
TRBBNBO128E0795075,TRUE,0.5,0.3,0,0,0.6,0.7,0.2
TRZGLEB12903CDAAD1,TRUE,0.4,0.3,0,0,0.3,0.5,0.4
TRRDAKV128E0791809,TRUE,0.4,0.3,0.2,0,0.3,0.5,0.3
TRHYQCS128F92FF27E,TRUE,0.4,0.3,0,0,0.2,0.7,0.3
TRTSXOK128F93016F3,TRUE,0.4,0.3,0,0,0.5,0.7,0.3
TRJAXAS128F9338CAF,TRUE,0.1,0.8,0,0,0.7,0.6,0.1
TRTLDRP128F429C5AC,TRUE,0.3,0.5,0.1,0.1,0.4,0.6,0.3
TRGQCBQ12903CBCD98,TRUE,0.7,0.2,0,0,0.9,0.6,0.1
TRSMWBX12903D01FE9,TRUE,0.3,0.4,0,0,0.2,0.7,0.3
TRLJQYF128F42699A3,TRUE,0.6,0.2,0,0,0.3,0.5,0.2
TRRHSWB12903D0AF7A,TRUE,0.6,0.3,0,0,0.8,0.5,0.1
TRTAIFP128F92F9F5F,TRUE,0.3,0.6,0.2,0.1,0.4,0.7,0.2
TRNEJHG128F1463D30,TRUE,0.2,0.7,0.6,0.1,0.3,0.5,0.1
TRQNPAK12903CC500E,TRUE,0.3,0.6,0,0,0.5,0.7,0.2
TRZDOYA12903CCA1AB,FALSE,0,0,0,0,0,0,1
TRAXUBG128F9332164,TRUE,0.6,0.1,0.3,0,0.7,0.5,0.2
TRYEKAN128F423F799,TRUE,0.4,0.3,0,0,0.5,0.7,0.2
TRPNDTA128F42480BD,TRUE,0.5,0.4,0,0,0.7,0.6,0.2
TRHJXYN128F429D882,TRUE,0.3,0.4,0,0,0.3,0.6,0.3
TRJEIFX128F42B1889,TRUE,0.3,0.2,0.4,0.1,0.6,0.7,0.2
TRLQULG128F92D3813,TRUE,0.3,0.6,0,0,0.7,0.7,0.1
TROEVOE128F9359DF2,TRUE,0.1,0.8,0.2,0.3,0.2,0.7,0.1
TRQHUWM128F4214209,TRUE,0.5,0.4,0.2,0,0.3,0.7,0.3
TRFYEMP128F931F645,TRUE,0.2,0.8,0.1,0,0.6,0.7,0.1
TRKSJFB12903CC51EF,TRUE,0.1,0.8,0,0,0.6,0.7,0.1
TRPEEHW128F92F2D0C,TRUE,0.8,0.1,0,0,0.7,0.6,0.1
TRWJQIZ12903CE9E46,TRUE,0.2,0.8,0.1,0.1,0.5,0.7,0.1
TRVJROU128E07897DC,TRUE,0.5,0.2,0,0,0.3,0.7,0.3
TRCSSNN128F4265407,TRUE,0.5,0.4,0,0,0.7,0.6,0.2
TRVOUOW128F1489BB8,TRUE,0.8,0.1,0,0,0.5,0.7,0.2
TRNQBXI128F1495868,TRUE,0.4,0.3,0.5,0.1,0.7,0.5,0.2
TRTSALU12903CCA1D7,FALSE,0,0,0,0,0,0,1
TRSJCXI128F427F59B,TRUE,0.7,0.1,0,0,0.5,0.6,0.2
TRRBSBT128F92C46A2,TRUE,0.4,0.3,0,0,0.6,0.7,0.2
TRKHMFB128F931B343,TRUE,0.6,0,0.3,0,0,0.5,0.2
TRHWXVO128F92F1658,TRUE,0.7,0.1,0,0,0.5,0.6,0.2
TRYZNRB128F1459895,TRUE,0.4,0.5,0,0,0.3,0.6,0.3
TRSMKQN128F92EB681,TRUE,0.5,0.3,0,0,0.6,0.7,0.2
TRUVUQT128F933ED1A,TRUE,0.3,0.2,0.1,0.1,0.1,0.6,0.5
TRSNITI128F934C585,TRUE,0.2,0.3,0.4,0.3,0,0.5,0.5
TREPUKV128F4263A5D,TRUE,0.2,0.7,0.1,0.1,0.3,0.5,0.3
TRYOXDL128F4249336,TRUE,0.5,0.2,0,0,0.3,0.6,0.4
TRDUBSA128F145A640,TRUE,0.3,0.4,0.2,0.1,0.2,0.5,0.5
TRKEPXE128F93428B4,TRUE,0.3,0.6,0.2,0.1,0.4,0.7,0.2
TROALPC128E07875A4,TRUE,0.5,0.3,0,0,0.4,0.6,0.3
TRDXGHW128F146A07F,TRUE,0.3,0.5,0,0,0.6,0.7,0.2
TRYZLQD128F9329C17,TRUE,0.2,0.7,0,0,0.4,0.6,0.3
TRAOMXJ128F42870A4,TRUE,0.1,0.8,0,0.1,0.3,0.7,0.2
TRJMPQF128F4275A11,TRUE,0.5,0.2,0.1,0,0.7,0.4,0.3
TRMRAIA128F92F96E2,TRUE,0.3,0.7,0,0,0.4,0.5,0.2
TRLHFHE12903D0508A,TRUE,0.2,0.3,0.6,0.2,0.1,0.4,0.3
TRMITEP128F42AC730,TRUE,0.2,0.8,0.1,0.1,0.7,0.6,0.1
TRBSMEL12903CBADBA,TRUE,0.7,0.3,0,0,0.8,0.6,0.1
TRSJDMR128E0788A70,TRUE,0.6,0.2,0,0,0.9,0.5,0.1
TRSDBRT128F145532F,TRUE,0.1,0.8,0.2,0.1,0.3,0.5,0.2
TRLKJIN128F42701D4,TRUE,0.6,0.1,0.2,0,0.3,0.5,0.3
TRVXIUT128F42681D5,TRUE,0.7,0.1,0,0,0.6,0.4,0.2
TRLOJEK128F424B55A,TRUE,0.3,0.7,0,0,0.6,0.6,0.1
TRTDLMM128F1486C6B,TRUE,0.5,0.3,0,0,0.7,0.6,0.2
TRELWTB128F426E2FB,TRUE,0.5,0.3,0,0,0.7,0.4,0.2
TRAOZAI128F428FD28,TRUE,0.5,0.3,0,0,0.7,0.6,0.2
TRBNVON12903CC2308,TRUE,0.5,0.2,0.3,0.1,0.1,0.6,0.4
TRYGIXL128F146B852,TRUE,0.8,0,0,0,0.3,0.6,0.1
TRBJTVW128F932D26C,TRUE,0.5,0.4,0,0,0.7,0.6,0.3
TRSJNKZ128F427F80A,TRUE,0.5,0.6,0,0,0.7,0.7,0.2
TRFWTCW128F932586B,TRUE,0.5,0.3,0,0,0.4,0.7,0.3
TRSMSWZ128F1464684,TRUE,0.2,0.7,0,0.3,0.8,0.4,0.1
TRQNNIV128F42950CE,TRUE,0.8,0.1,0,0,0.7,0.6,0.1
TRUNJTQ128F4272AFF,TRUE,0.8,0.3,0,0,0.6,0.7,0.1
TRYGICH128F42955EE,TRUE,0.7,0.2,0,0,0.5,0.6,0.1
TRWNKQP128E07871CD,TRUE,0.4,0.5,0,0,0.3,0.7,0.3
TREBZOJ128F428542D,TRUE,0.4,0.7,0.1,0,0.6,0.6,0.1
TRZHBYC128F4278338,TRUE,0.6,0.3,0,0,0.8,0.5,0.1
TRLSDCM128F425A6C3,TRUE,0.6,0.2,0,0,0.5,0.7,0.3
TRECASV128F147EE92,TRUE,0.5,0.4,0,0,0.6,0.8,0.3
TRAQTDN128F92E8B1D,TRUE,0.4,0.5,0,0,0.7,0.6,0.2
TRFMSWK128F42BC6D1,TRUE,0.4,0.3,0.2,0.1,0.3,0.7,0.3
TRYHOLF128F92EAE9D,TRUE,0.3,0.6,0,0,0.4,0.7,0.3
TRFQNWX128F428531C,TRUE,0.3,0.4,0,0,0.3,0.7,0.2
TRULQSH128F1459BFD,TRUE,0.2,0.7,0,0,0.6,0.5,0.1
TRCNMKK128F4259CD2,TRUE,0.5,0.1,0.7,0.1,0.2,0.4,0.3
TRWOWPM128F423A6B2,TRUE,0.3,0.6,0.5,0.2,0.4,0.7,0.1
TRQVWVZ128F4272379,TRUE,0.5,0.3,0.1,0,0.2,0.6,0.3
TRKQUXI128F4222D8C,TRUE,0.5,0.3,0,0,0.8,0.6,0.2
TRTHPXK128F1472E27,TRUE,0.5,0.3,0,0,0.4,0.7,0.3
TRHXFXR128F92E7ACD,TRUE,0.8,0.1,0.4,0,0.3,0.5,0.1
TRSFZRH128F422B919,TRUE,0.1,0.3,0.9,0.4,0,0.3,0.1
TRIRLYL128F42539D1,TRUE,0.7,0.1,0,0,0.3,0.4,0.2
TRRVNPQ128F14744EE,TRUE,0.6,0.1,0,0,0.7,0.5,0.2
TRCXBDJ128F426F190,TRUE,0.3,0.6,0,0,0.5,0.7,0.2
TRHCGUW128F14B0891,TRUE,0.5,0.2,0.1,0,0.3,0.4,0.3
TRMONGT128F425FB78,TRUE,0.7,0.1,0,0,0.5,0.4,0.2
TRVXXYA128F932A865,TRUE,0.5,0.2,0.3,0.1,0.4,0.4,0.3
TRNIRWB128F14675F6,TRUE,0.6,0.3,0,0,0.7,0.5,0.1
TRHOHUG128F935A174,TRUE,0.4,0.3,0,0,0.2,0.5,0.4
TRUYXKS128E0794982,TRUE,0.2,0.6,0.3,0.4,0.1,0.7,0.3
TRZBVGD128F14A9049,TRUE,0.7,0.1,0.2,0,0.3,0.5,0.3
TRBRELR128F931999E,FALSE,0,0,0,0,0,0,1
TRQRTLA128F4271E8B,TRUE,0.3,0.5,0,0,0.4,0.7,0.3
TRSDLDC128F93500D7,TRUE,0.5,0.3,0,0,0.6,0.7,0.2
TRXGTQS128F93400BF,TRUE,0.2,0.7,0.3,0.1,0.1,0.5,0.2
TRSKZVJ128F145DFCD,TRUE,0.6,0.1,0.3,0,0.2,0.5,0.3
TRABRUJ128F42ADE0D,TRUE,0.2,0.7,0.3,0.1,0.5,0.6,0.1
TRIVSXE12903CE29FE,TRUE,0.8,0.1,0.3,0,0.4,0.5,0.1
TRDDNJF128F4291D3E,TRUE,0.6,0.1,0,0,0.3,0.5,0.2
TRRZGUM128E0784450,TRUE,0.7,0.1,0,0,0.6,0.5,0.2
TRZUZBR128F92F2CB7,TRUE,0.6,0,0.1,0,0.3,0.4,0.2
TRLJUJC128F1467482,TRUE,0.5,0.3,0,0,0.6,0.4,0.3
TRKQUKY128F92C1C77,TRUE,0.6,0.2,0.1,0,0.5,0.4,0.3
TRTUKHY128F92E5F99,TRUE,0.7,0.2,0,0,0.6,0.7,0.1
TRXIDKU128F426FD64,TRUE,0.6,0.1,0,0,0.3,0.4,0.3
TRQVVVE128E0793F6D,TRUE,0.7,0.2,0,0,0.6,0.4,0.1
TRHRWCT128F4267ABD,TRUE,0.6,0.3,0,0,0.7,0.5,0.1
TRGGDGM128E079140A,TRUE,0.8,0.1,0,0,0.6,0.5,0.2
TRGLMXH128F92F18F4,TRUE,0.5,0.1,0.7,0.1,0.1,0.4,0.2
TREJNIS128F427F358,TRUE,0.3,0.6,0,0,0.7,0.7,0.1
TRLLUUT128F14715DC,TRUE,0.6,0.2,0,0,0.7,0.7,0.3
TRZIYPA12903CF1365,TRUE,0.5,0.1,0.7,0.1,0.3,0.4,0.2
TRIUGYO128F1458E66,TRUE,0.4,0.5,0,0,0.3,0.6,0.3
TRCYIAQ128F42B12C0,TRUE,0.6,0.3,0,0,0.4,0.5,0.2
TRUBBLY128F931C0A6,TRUE,0.6,0.1,0,0,0.7,0.4,0.2
TRWOVKS128C71966A4,TRUE,0.6,0.2,0,0,0.7,0.5,0.1
TRGCYVN128F42B7F0D,TRUE,0.1,0.9,0.2,0.1,0.7,0.6,0
TRUXIEE128F424CE0B,TRUE,0.4,0.5,0,0,0.3,0.6,0.3
TRNQFMJ128F145B71E,TRUE,0.4,0.5,0,0,0.6,0.6,0.2
TRLZPSW128F145A631,TRUE,0.3,0.4,0,0,0.5,0.7,0.3
TRKCZMT12903CA2281,TRUE,0.5,0.1,0.6,0.1,0.2,0.4,0.3
TRIZHQS128F92FA692,TRUE,0.6,0.2,0,0,0.8,0.5,0.1
TRDYMYW128F427349D,TRUE,0.4,0.3,0,0,0.7,0.5,0.2
TRVZLHH128F932BEEF,TRUE,0.8,0.3,0,0,0.6,0.7,0.1
TRQUXKH128F92FD515,TRUE,0.2,0.6,0.3,0.1,0.4,0.7,0.2
TRPDNFP128E078B03F,TRUE,0.7,0.2,0,0,0.4,0.5,0.3
TREXPSZ128F930371D,TRUE,0.6,0.4,0,0,0.8,0.5,0.1
TRPHSMT128E0783465,TRUE,0.2,0.7,0,0,0.5,0.6,0.1
TRQOQXT128F1459B98,TRUE,0.5,0.3,0,0,0.6,0.4,0.3
TRRVWDU128F92E22B8,TRUE,0.5,0.2,0.3,0.1,0.4,0.6,0.3
TRPSKUB128F426B03E,TRUE,0.3,0.7,0,0,0.6,0.5,0.1
TRPDPWJ128F934AF09,TRUE,0.6,0.1,0.3,0,0.4,0.5,0.2
TRAPMOP12903D0830C,TRUE,0.6,0,0.7,0,0.3,0.4,0
TREPSNW12903CAD0E5,TRUE,0.3,0.2,0.1,0.1,0.4,0.5,0.3
TRTDYDQ128F4271826,TRUE,0.3,0.1,0.8,0.2,0.1,0.4,0.2
TRARKIR12903CE37F6,TRUE,0.6,0.1,0.3,0,0.2,0.4,0.3
TRGWHCB128EF351A32,TRUE,0.4,0.3,0,0,0.2,0.6,0.5
TRCKQZP12903D0819A,TRUE,0.4,0.3,0.1,0,0.6,0.5,0.2
TRNZYJI128E07920DB,TRUE,0.4,0.3,0.2,0,0.1,0.7,0.3
TRMZIFG128F42696C6,TRUE,0.8,0,0.3,0,0.4,0.5,0.1
TRIFJBY128F92CFEB5,TRUE,0.3,0.6,0,0,0.4,0.5,0.3
TRKLGUH12903D0818B,TRUE,0.4,0.5,0.3,0.1,0.6,0.5,0.2
TREHVBX128F92FD8DC,TRUE,0.5,0.3,0,0,0.6,0.4,0.2
TRBDPDV128EF34279F,TRUE,0.2,0.6,0.3,0.1,0.4,0.5,0.3
TRDIQGQ128F1489341,TRUE,0.2,0.8,0.1,0.1,0.5,0.7,0.2
TRSBIYO128F42383D8,TRUE,0.1,0.4,0.6,0.3,0,0.3,0.2
TREOPNZ128F932F80C,TRUE,0.3,0.5,0.2,0.1,0.4,0.6,0.3
TRQTHRO128EF349399,TRUE,0.4,0.7,0,0,0.8,0.6,0.1
TRKASTC128F92EA300,TRUE,0.1,0.2,0.8,0.5,0,0.3,0.1
TRBTUIB128F4294108,TRUE,0.6,0.3,0,0,0.7,0.5,0.2
TRQIGQC128F148D7B5,TRUE,0.4,0.3,0.2,0.1,0.5,0.4,0.3
TRIMYUE128F92EBF0B,TRUE,0.2,0.7,0.1,0.1,0.4,0.6,0.2
TRVACPJ128F149FD05,TRUE,0.2,0.4,0.7,0.3,0.1,0.5,0.2
TRFTDGM128F1455FFF,TRUE,0.2,0.7,0.1,0,0.3,0.6,0.3
TRNGIXM128F148D3E6,TRUE,0.6,0.2,0,0,0.8,0.5,0.1
TRDPBEW128F4290718,TRUE,0.6,0.3,0,0,0.7,0.5,0.2
TREFUDK128E0798941,TRUE,0.3,0.1,0.8,0.2,0.1,0.4,0.2
TRFNFII128F92C9098,TRUE,0.2,0.4,0.7,0.3,0.1,0.5,0.2
TRUDPMD128F42627E5,TRUE,0.2,0.7,0,0,0.6,0.5,0.1
TROXPJK128F9326A15,TRUE,0.3,0.2,0.6,0.1,0.1,0.5,0.3
TRBGPGT128F9341C86,TRUE,0.3,0.2,0.5,0.1,0.4,0.3,0.3
TRKOHTN12903CA5753,TRUE,0.5,0.2,0.6,0.1,0.4,0.5,0.3
TRKRRRI128F42BC546,TRUE,0.4,0.7,0,0,0.6,0.5,0.1
TRTPYNA128F4263B88,TRUE,0.8,0,0,0,0.3,0.5,0.2
TREGRFK128F14B042B,TRUE,0.2,0.8,0.1,0.1,0.6,0.5,0.2
TRETXBE128F423C19A,TRUE,0.6,0.2,0,0,0.7,0.5,0.2
TRNWDFA128F428B203,TRUE,0.2,0.6,0.5,0.3,0.3,0.5,0.2
TRTJIPN128F9305E02,FALSE,0,0,0,0,0,0,1
TRQUAQX12903CAF8C6,TRUE,0.7,0,0,0,0.3,0.4,0.3
TRDJMTX12903CE9F6B,TRUE,0.7,0.2,0,0,0.3,0.6,0.2
TRFTVZZ128F4259D3D,TRUE,0.4,0.6,0,0,0.8,0.5,0.1
TRBMEZJ128F92C908D,TRUE,0.3,0.4,0.7,0.3,0.2,0.5,0.3
TRMJCIV12903CD0B29,TRUE,0.7,0.1,0,0,0.8,0.6,0.1
TRGAGJM128F42B75CC,TRUE,0.6,0.3,0,0,0.5,0.7,0.2
TRVRCNN128F93227D8,TRUE,0.6,0.2,0,0,0.7,0.7,0.1
TRNBEIM12903CB5388,FALSE,0,0,0,0,0,0,1
TRBAZYH128F4288198,TRUE,0.6,0.2,0.1,0,0.5,0.4,0.3
TRSSHGU128F145FE9F,TRUE,0.5,0.1,0,0,0.3,0.6,0.4
TRLNICW128F92E635B,TRUE,0.3,0.1,0.8,0.2,0.1,0.3,0.2
TRRVCLK128F92EB51B,TRUE,0.5,0.2,0.3,0.1,0.3,0.4,0.4
TRCFNBR12903CC0B33,TRUE,0.3,0.5,0,0,0.6,0.6,0.2
TRJWIFC128F147CD62,TRUE,0.1,0.7,0.3,0.2,0.6,0.4,0.1
TRWSIVX128F934ABAC,TRUE,0.1,0.2,0.8,0.6,0,0.3,0.1
TRLXHTO128F1467527,TRUE,0.3,0.6,0,0,0.4,0.5,0.2
TRNCMZW128F428DC5E,TRUE,0.2,0.1,0.8,0.1,0,0.3,0.1
TRDULMJ128F9300F0D,TRUE,0.8,0,0,0,0.2,0.6,0.1
TRFFGZU128F426C2BA,TRUE,0.2,0.8,0,0,0.7,0.6,0.1
TRTIJOG128F933E657,TRUE,0.1,0.3,0.7,0.6,0,0.2,0.2
TRCOJDF128F42693E6,TRUE,0.3,0.6,0,0,0.7,0.5,0.2
TRHRJKC128F426726D,FALSE,0,0,0,0,0,0,1
TRBMXRE128F428F8E7,TRUE,0.4,0.3,0.1,0.3,0.2,0.6,0.3
TRREOTZ128F92EFB1D,TRUE,0.8,0.1,0,0,0.3,0.7,0.1
TRWUQOG128F145844A,TRUE,0.5,0.2,0.1,0.1,0.6,0.4,0.3
TRNBHCI128F92F14CC,TRUE,0.3,0.1,0.8,0.4,0.1,0.5,0.2
TRCHWSB12903CF61CD,TRUE,0.5,0.3,0,0,0.7,0.6,0.2
TROAFRN12903CC5084,TRUE,0.5,0.3,0,0,0.6,0.4,0.3
TRHPTFN128F42541ED,TRUE,0.1,0.2,0.8,0.4,0.1,0.3,0.2
TRWLMYT128F92F6956,TRUE,0.5,0.3,0,0,0.6,0.7,0.2
TRXDHKY12903CA97A6,TRUE,0.7,0.2,0,0,0.5,0.6,0.1
TRCODFB12903D04B63,TRUE,0.2,0.8,0,0,0.6,0.7,0.1
TRTRFFG128F42B1E68,TRUE,0.7,0.1,0,0,0.3,0.5,0.2
TREBLRE12903C9C27E,TRUE,0.3,0.6,0,0,0.4,0.7,0.2
TRFGQMA128F9339ED2,TRUE,0.3,0.2,0.8,0.4,0.1,0.3,0.2
TRIXGVQ128F427DC57,TRUE,0.8,0.1,0,0,0.3,0.6,0.1
TRBHSQC128F426570A,TRUE,0.7,0.2,0,0,0.3,0.4,0.3
TREHUWW128F1477564,TRUE,0.3,0.4,0.2,0.1,0.3,0.7,0.3
TRCZVGM128F9313AF0,FALSE,0,0,0,0,0,0,1
TRARSCA128F93050A0,TRUE,0.6,0.2,0,0,0.4,0.5,0.3
TRKTMYF128F934B32F,TRUE,0.3,0.4,0.5,0.3,0.2,0.5,0.3
TRWTFEA128F426E1DC,TRUE,0.4,0.6,0,0,0.8,0.7,0.1
TRHMNEF128F4288442,TRUE,0.3,0.7,0,0,0.6,0.8,0.1
TRLYFEG128F1458509,TRUE,0.6,0.2,0.1,0,0.5,0.4,0.3
TRQHSEF128F427A1A5,TRUE,0.3,0.1,0.7,0.2,0.4,0.5,0.2
TRXXJGS128F931E8E9,TRUE,0.5,0.3,0,0,0.6,0.4,0.3
TRDSIQH128F4273D4E,TRUE,0.6,0.3,0,0,0.4,0.7,0.2
TRVWCTZ128F148BFA3,TRUE,0.6,0.1,0,0,0.3,0.4,0.3
TRNFZLX128F4233FE6,TRUE,0.3,0.2,0.5,0.1,0.1,0.3,0.4
TRDYNRE128F934AB90,FALSE,0,0,0,0,0,0,1
TRRONDX128F4259852,TRUE,0.3,0.1,0.7,0.2,0.1,0.4,0.2
TRKOKQY128F1469CA0,TRUE,0.3,0.7,0,0,0.6,0.5,0.2
TRRYVKY128F931B9D5,TRUE,0.6,0.2,0.1,0.1,0.5,0.5,0.3
TREXXWU128F9311F2E,TRUE,0.6,0.3,0,0,0.8,0.7,0.1
TRDHGCB128F4263751,TRUE,0.1,0.7,0.6,0.5,0.2,0.3,0.1
TRUCAYL128E078F0A9,TRUE,0.3,0.5,0.4,0.1,0.2,0.6,0.3
TRVZINQ128F422D849,TRUE,0.4,0.3,0,0,0.2,0.7,0.3
TRTXTFJ128F427C0F8,TRUE,0.2,0.7,0.1,0.1,0.5,0.6,0.3
TRAUZVZ128F423B54B,TRUE,0.1,0.2,0.8,0.3,0,0.2,0.1
TRHWAKI128F92CEA36,TRUE,0.5,0.3,0,0,0.7,0.4,0.2
TRVFVJY12903CB74A3,TRUE,0.2,0.7,0.3,0.1,0.6,0.5,0.2
TRCJDPA128F14641BB,TRUE,0.4,0.3,0.6,0.2,0.3,0.5,0.2
TRLKLFX128F1456ED6,TRUE,0.3,0.2,0.6,0.3,0.2,0.4,0.3
TRJVYIX128E07957CF,TRUE,0.5,0.3,0.4,0.1,0.6,0.5,0.2
TRDYCKC128F4266BD9,TRUE,0.5,0.2,0.3,0.1,0.4,0.3,0.4
TRDQNSS128F4240C31,TRUE,0.6,0.2,0.3,0.1,0.2,0.4,0.3
TROQCDM128F42AE358,TRUE,0.2,0.8,0,0.1,0.6,0.7,0.1
TRFQLBA128F426B289,TRUE,0.8,0,0,0,0.3,0.4,0.2
TREGRNY128F92F19CC,TRUE,0.4,0.5,0,0,0.6,0.5,0.2
TRSIMRV128F1465C54,TRUE,0.5,0.3,0,0,0.4,0.6,0.3
TRVJEVS12903CF774F,TRUE,0.3,0.6,0,0,0.5,0.7,0.2
TRBXQHJ12903CA242A,TRUE,0.3,0.2,0.7,0.1,0.1,0.5,0.3
TRGGUVE128F42A8AA8,TRUE,0.4,0.3,0.5,0.2,0.3,0.4,0.3
TRTAPLL128F4235156,TRUE,0,0.8,0.3,0.7,0,0.5,0.2
TROKWWR128E078EF9F,TRUE,0.5,0.3,0,0,0.7,0.4,0.2
TRATAZD128E078F77A,TRUE,0.4,0.3,0,0,0.7,0.5,0.2
TRIOFFA128F9355604,TRUE,0.3,0.4,0.1,0,0.2,0.5,0.4
TROWGKP128F4298E7A,TRUE,0.7,0.2,0,0,0.5,0.6,0.1
TRWCKNF128F932AAC3,FALSE,0,0,0,0,0,0,1
TRSLBXA128F428FA66,FALSE,0,0,0,0,0,0,1
TROCCNJ128F4262702,TRUE,0.2,0.7,0.5,0.1,0.3,0.4,0.2
TRITKPJ128F933E70E,TRUE,0.6,0.3,0,0,0.7,0.8,0.2
TRFAGGM128F932A3BB,TRUE,0.4,0.3,0,0,0.6,0.5,0.3
TRGAXCD128E078286A,TRUE,0.1,0.8,0,0.1,0.6,0.7,0.2
TRCNLHE128F932010E,TRUE,0.4,0.6,0,0,0.7,0.5,0.2
TRPJLTN128F425A2F4,TRUE,0.5,0.3,0,0,0.7,0.6,0.2
TRTENVE128EF342E50,TRUE,0.3,0.5,0.4,0.1,0.2,0.4,0.3
TRNLTZW128F4265B56,TRUE,0.3,0.7,0,0,0.8,0.6,0.1
TRINQRE128F42BBAA2,TRUE,0.8,0.1,0,0,0.3,0.4,0.2
TRESYZK128F9320BA0,TRUE,0.6,0.1,0.2,0,0.3,0.4,0.3
TRUVCUA128E0785D18,TRUE,0.3,0.7,0.1,0.1,0.6,0.5,0.2
TRDPSSC128F9329C19,FALSE,0,0,0,0,0,0,1
TRPKCBY128F4294F5C,TRUE,0.3,0.7,0.2,0.1,0.4,0.6,0.2
TRXLEET128F92FFBD2,TRUE,0.3,0.1,0.8,0.2,0,0.1,0.2
TRHPGUM128F428E25E,FALSE,0,0,0,0,0,0,1
TRWISNY128F932C663,TRUE,0.2,0.3,0.7,0.4,0.1,0.2,0.1
TRLSVNI128F14636C3,TRUE,0.5,0.3,0,0,0.7,0.4,0.2
TRSPQCJ128F14AB1B9,TRUE,0.4,0.5,0.2,0.1,0.3,0.6,0.3
TRQPKET128F428BF4F,TRUE,0.3,0.2,0.7,0.1,0.2,0.3,0.2
TRKCNAC128F14646F3,TRUE,0.5,0.3,0,0,0.8,0.4,0.2
TRDKZDR128F930EA8A,TRUE,0.7,0.2,0.1,0,0.6,0.3,0.2
TRMXMFR128F427A179,TRUE,0.3,0.6,0.2,0.1,0.5,0.7,0.2
TRJIRFF128F42ACB81,TRUE,0.3,0.6,0,0,0.7,0.5,0.2
TRKSLQK128F4229B72,TRUE,0.6,0.1,0.3,0,0.2,0.4,0.3
TRFIIMW128F9334903,TRUE,0.7,0.2,0,0,0.5,0.4,0.1
TREIEAP12903CB00E8,TRUE,0.1,0.6,0.8,0.3,0.1,0.4,0.1
TROJMLW128F93090D9,TRUE,0.7,0.1,0.1,0,0.5,0.3,0.2
TRAWIJG128F42B502C,TRUE,0.7,0.1,0,0,0.8,0.4,0.2
TRFXEIB128E0787251,TRUE,0.3,0.6,0,0,0.7,0.5,0.2
TRQNTMG128EF343D3F,FALSE,0,0,0,0,0,0,1
TRTLYQN128F9321F85,TRUE,0.3,0.6,0,0,0.4,0.7,0.3
TRQZOQU128F427DB38,TRUE,0.2,0.5,0.7,0.3,0.1,0.3,0.1
TRTFZCQ128F1492159,TRUE,0.4,0.5,0.2,0.1,0.6,0.5,0.3
TRQWHGP128F422B96F,TRUE,0.4,0.6,0,0,0.5,0.5,0.2
TRSDEIA128F428B116,TRUE,0.3,0.4,0.7,0.2,0.2,0.3,0.2
TREPMOH128F42AB2E8,TRUE,0.6,0.1,0,0,0.7,0.5,0.2
TRLDLDQ12903CF04CB,TRUE,0.3,0.1,0.7,0.2,0,0.2,0.3
TRLBZIT12903CF9E38,TRUE,0.1,0.3,0.8,0.6,0,0.2,0.1
TRYXTAL128F428F9F7,TRUE,0.3,0.5,0.6,0.1,0.2,0.4,0.3
TRSPLYD128F42910CE,TRUE,0.2,0.3,0.6,0.7,0.1,0.4,0.2
TRVBFQP128F42967B4,TRUE,0.3,0.6,0,0,0.4,0.7,0.2
TRKFBKJ128F1458110,TRUE,0.6,0.3,0,0,0.5,0.7,0.2
TRSHRKJ128F42A058F,TRUE,0.3,0.6,0.2,0.1,0.4,0.7,0.2
TRILMFS128F428D3C3,TRUE,0.6,0.2,0.1,0,0.4,0.5,0.3
TRQIFDQ128F933A64B,FALSE,0,0,0,0,0,0,1
TRHCIVZ128F426AA60,TRUE,0.7,0.1,0,0,0.8,0.4,0.2
TRMVPVK128F93462DE,TRUE,0.3,0.1,0.7,0.1,0.1,0.2,0.3
TRSRFKI128F4242064,TRUE,0.3,0.5,0.1,0,0.4,0.6,0.3
TRBRYIN128F4284C2B,TRUE,0.6,0.1,0,0,0.3,0.4,0.5
TRPLEFS12903C9DDA0,TRUE,0.3,0.6,0,0,0.4,0.7,0.3
TREJLTE128F147B50B,TRUE,0.2,0.7,0.1,0.1,0.5,0.6,0.3
TRSMWJT12903CABB58,TRUE,0.6,0.3,0,0,0.4,0.7,0.2
TRVXCHQ128F14922FD,TRUE,0.5,0.2,0.4,0.1,0.3,0.4,0.3
TRGVFKI128F149216E,TRUE,0.4,0.3,0.2,0.1,0.3,0.3,0.4
TRWCQJF12903D136AF,TRUE,0.4,0.3,0,0,0.7,0.5,0.2
TRGQFMD12903CA8185,TRUE,0.5,0.3,0,0,0.8,0.4,0.2
TRSDVGJ128F92D42C8,TRUE,0.5,0,0,0,0.8,0.3,0.2
TRKOOCN128F4218292,TRUE,0.6,0.2,0,0,0.7,0.4,0.3
TRHSDHF128F42AD8C7,TRUE,0.2,0.7,0.1,0.1,0.4,0.5,0.2
TRSFLFT12903CE5622,TRUE,0.6,0.3,0,0,0.7,0.5,0.2
TRIRPLL128F931C3E4,TRUE,0.1,0.6,0.7,0.3,0.2,0.3,0.1
TRMJYUK12903CB908E,FALSE,0,0,0,0,0,0,1
TRTGVKC128E078FB31,TRUE,0.4,0.5,0.3,0.2,0.3,0.4,0.3
TRZFUWH128F93019E3,TRUE,0.3,0.7,0.1,0.1,0.2,0.6,0.2
TRIKGXT128F42533E7,TRUE,0.2,0.3,0.8,0.2,0.1,0.3,0.1
TRYQHHK128F1458E0A,TRUE,0.5,0.4,0.3,0,0.3,0.4,0.2
TREXYJQ12903CE4BC6,TRUE,0.5,0.2,0,0,0.3,0.7,0.3
TRLXVCN128F9300DB5,TRUE,0.2,0.7,0.4,0.2,0.3,0.5,0.3
TRTPCFI12903D051FA,TRUE,0.3,0.7,0.4,0.2,0.3,0.5,0.1
TRDJBWH128F4285B52,TRUE,0.3,0.2,0.4,0.1,0.3,0.5,0.4
TRSCSWR128F1496B97,TRUE,0.6,0.2,0.3,0.1,0.4,0.5,0.3
TRMKVHL128F42784BD,TRUE,0.5,0.3,0,0.2,0.4,0.6,0.3
TRVKFVW12903CAF42A,TRUE,0.3,0.5,0.2,0.1,0.2,0.4,0.5
TRZNQIY128F9332D22,TRUE,0.4,0.3,0.6,0.2,0.2,0.5,0.3
TRUHAYJ128F42767DF,TRUE,0.3,0.5,0,0,0.2,0.6,0.4
TRSCGGK128F428E2FC,TRUE,0.4,0.5,0.1,0,0.3,0.7,0.2
TRGGOWM128F145C15F,TRUE,0.6,0.5,0,0,0.7,0.8,0.2
TRPCIJR128F92E7D89,TRUE,0.4,0.3,0.5,0.2,0.2,0.3,0.3
TRVQPPM128F428CA1F,TRUE,0.7,0.1,0,0,0.3,0.6,0.2
TRMLCAU128F428A83C,TRUE,0.7,0.1,0.3,0,0.2,0.5,0.2
TREGYVR128F428E386,TRUE,0.4,0.5,0,0,0.6,0.7,0.3
TRVDQFP12903CB6123,TRUE,0.3,0.4,0.2,0.3,0.1,0.6,0.2
TRUJQJY128F429BE9A,TRUE,0.7,0.1,0,0,0.3,0.5,0.2
TRAIPZY128E0787299,TRUE,0.2,0.7,0.1,0.1,0.3,0.4,0.3
TRJUHLS128F42919F1,TRUE,0.2,0.8,0,0.3,0.6,0.7,0.1
TRUKGVC12903CBD88B,FALSE,0,0,0,0,0,0,1
TRPACNW128F93222C3,TRUE,0.5,0.3,0.4,0.1,0.2,0.3,0.4
TRRXSLI128F9310D82,TRUE,0.3,0.5,0.6,0.2,0.4,0.3,0.1
TRKNYAJ128F42820F9,TRUE,0.3,0.4,0.2,0.1,0.5,0.3,0.4
TRJAQUQ128F426757B,TRUE,0.5,0.3,0,0,0.7,0.2,0.3
TRMCTGL128E078D9BE,TRUE,0.3,0.7,0.4,0.2,0.3,0.5,0.2
TRORMLS128F93022C2,TRUE,0.3,0.5,0.4,0.2,0.3,0.4,0.3
TRIIOUI128F42BBB21,TRUE,0.3,0.5,0,0,0.4,0.6,0.3
TRFZSLP128F92F3C2F,FALSE,0,0,0,0,0,0,1
TRJJLWC128F9353B11,FALSE,0,0,0,0,0,0,1
TRKWYBP128F9306A24,TRUE,0.4,0.5,0,0,0.7,0.6,0.1
TRTCZDD128F428B9F9,TRUE,0.4,0.2,0.7,0.3,0.3,0.2,0.3
TREHZTM128F9329C01,TRUE,0.2,0.3,0.6,0.4,0.1,0.3,0.3
TRSZGCO128F42963CE,TRUE,0.5,0.3,0,0,0.6,0.4,0.3
TRGROKM128F146F22E,TRUE,0.7,0.1,0,0,0.5,0.3,0.2
TRVITQA128F9312B1D,TRUE,0.4,0.3,0.6,0.1,0.3,0.5,0.2
TRJXXDM128F4284D52,TRUE,0.7,0.3,0,0,0.8,0.4,0.1
TRJMDQA128F933D87C,TRUE,0.7,0.1,0,0,0.6,0.3,0.2
TRBYSKL128F92E7987,TRUE,0.1,0.2,0.8,0.3,0,0.3,0.1
TRKUOTL128F92E9334,FALSE,0,0,0,0,0,0,1
TRHUYSK128F93355D8,TRUE,0.4,0.3,0.1,0,0.6,0.5,0.2
TRDGLYA128F4284DC0,FALSE,0,0,0,0,0,0,1
TRTICTP128F4263225,TRUE,0.3,0.6,0,0,0.5,0.7,0.2
TRBETTB128F93438D0,TRUE,0.3,0.2,0.8,0.1,0.1,0.3,0.2
TRSFUEH128F428CE05,TRUE,0.1,0.2,0.9,0.3,0,0.1,0.1
TRSDDEA128F92E8E1F,TRUE,0.7,0.2,0.1,0,0.3,0.5,0.2
TRYJXID128F93290BB,TRUE,0.2,0.8,0.1,0.1,0.6,0.5,0.1
TRBTWJS128F425A14C,TRUE,0.3,0.2,0.7,0.1,0.1,0.2,0.3
TRXLSSZ12903CF53C7,TRUE,0.3,0.6,0,0,0.4,0.7,0.2
TRYFIDB128F9322396,TRUE,0.3,0.7,0.1,0.1,0.6,0.7,0.2
TRVOKVK128F145187C,TRUE,0.2,0.8,0.1,0.1,0.7,0.5,0.1
TRLFDYA128F423EE87,TRUE,0.5,0.3,0,0,0.6,0.5,0.3
TRTUUPT128F426A361,TRUE,0.3,0.4,0.7,0.3,0.2,0.2,0.3
TRHOELH128F92D818F,TRUE,0.6,0.1,0,0,0.8,0.7,0.2
TRNFTSL128F4259524,TRUE,0.6,0.2,0,0,0.5,0.3,0.2
TRAKMJW128F425F12C,TRUE,0.6,0.2,0.5,0.1,0.3,0.4,0.3
TRXYBUZ128F9307D49,TRUE,0.4,0.5,0.1,0.1,0.3,0.6,0.3
TRWHJAG128E0784692,TRUE,0.3,0.7,0.2,0.1,0.4,0.5,0.2
TROKJMB128F92C1F56,TRUE,0.6,0.2,0,0,0.5,0.4,0.3
TRIEHID128F93011D5,FALSE,0,0,0,0,0,0,1
TRNRRGG128EF36547C,FALSE,0,0,0,0,0,0,1
TRKVAFW128F933777F,FALSE,0,0,0,0,0,0,1
TRHORDD128F92EF815,TRUE,0.3,0.2,0,0,0.7,0.6,0.1
TRXUAMZ128F423DF7D,FALSE,0,0,0,0,0,0,1
TRNXIQU128F92DC556,TRUE,0.5,0.4,0,0,0.7,0.3,0.2
TRPHUTG128F1459A0A,TRUE,0.2,0.7,0.3,0.3,0.4,0.5,0.2
TREROBC12903CFFC50,TRUE,0.3,0.1,0.7,0.2,0,0.1,0.3
TRQCOMX128F9336B4C,TRUE,0.4,0.5,0,0,0.6,0.3,0.2
TRVMDNU128F14622A9,TRUE,0.6,0.1,0,0,0.8,0.3,0.2
TRQPKIS128F9302EA7,TRUE,0.6,0.2,0,0,0.8,0.3,0.1
TRERXSX128F92F9669,TRUE,0.1,0.8,0.4,0.3,0.2,0.5,0.1
TRMCHCM128F425E987,FALSE,0,0,0,0,0,0,1
TRQRAOI128F1482219,TRUE,0.6,0.2,0,0,0.7,0.3,0.2
TRBOART128F9312A47,TRUE,0.5,0.3,0,0,0.6,0.4,0.3
TRVSVXM128EF34B39A,TRUE,0.7,0.1,0.2,0,0.3,0.4,0.2
TRVWJGS12903CC5C57,TRUE,0.4,0.5,0,0,0.7,0.3,0.3
TRCZJOK128E0791C6E,TRUE,0.5,0.6,0,0,0.7,0.5,0.2
TRYYNMZ128F42665BB,TRUE,0.4,0.5,0,0,0.6,0.7,0.2
TRIIUTZ128F93193D5,FALSE,0,0,0,0,0,0,1
TRUJJOF128E078F5D1,TRUE,0.4,0.6,0.2,0.1,0.7,0.5,0.2
TRHRGLA128F428B9BA,TRUE,0.2,0.1,0.8,0.3,0.1,0.2,0.3
TRIMJMF128F4297407,TRUE,0.3,0.6,0,0,0.5,0.4,0.3
TRPFEEG128F427F0C8,TRUE,0.6,0.3,0,0,0.7,0.5,0.2
TRJFCKD128F4227B9A,TRUE,0.7,0,0,0,0.6,0.2,0.2
TRCDGKB128F4267550,TRUE,0.7,0,0,0,0.3,0.2,0.1
TRJFUOD128F92D5244,TRUE,0.3,0.2,0.4,0.1,0.2,0.3,0.5
TRNIDAK128F42A07BB,TRUE,0.5,0.3,0,0,0.6,0.4,0.3
TRVCEOR128F931667A,TRUE,0.3,0.2,0.6,0.3,0.1,0.4,0.3
TRXBQUB128F424BF12,TRUE,0.6,0.1,0.3,0,0.2,0.4,0.3
TRUVRUU128F92F2A57,TRUE,0.2,0.5,0.8,0.3,0.1,0.4,0.1
TRDIDVS128F93421BB,TRUE,0.3,0.2,0.5,0.1,0.2,0.3,0.4
TRDXWKE128F92FE67B,TRUE,0.3,0.7,0,0,0.4,0.6,0.2
TREJKWG128F93167EF,TRUE,0.4,0.3,0,0,0.2,0.5,0.6
TRBZQYW12903CCBC26,TRUE,0.1,0.3,0.8,0.2,0,0.2,0.1
TRCALDS128F4291F23,TRUE,0.2,0.3,0.7,0.4,0.1,0.2,0.3
TRJEVGV128F92F64D0,TRUE,0.5,0.3,0,0,0.6,0.4,0.3
TRJSSFM12903CC42D3,TRUE,0.6,0.2,0,0,0.8,0.3,0.1
TROLCRG128F92E6578,TRUE,0.6,0.2,0.3,0.1,0.4,0.3,0.2
TRLUCQX128F428C72E,TRUE,0.4,0.3,0.5,0.1,0.6,0.2,0.2
TRTVWKO12903CFB5A9,TRUE,0.2,0.7,0.1,0.1,0.5,0.6,0.3
TRRDEXP128F92EFB5C,TRUE,0.7,0.2,0,0,0.8,0.4,0.1
TRPTTTR128F92D5F8E,TRUE,0.2,0.6,0.1,0.3,0.1,0.7,0.3
TRRTRVJ128F92F1697,FALSE,0,0,0,0,0,0,1
TRDAXSW128F422F01A,TRUE,0.7,0.3,0,0,0.5,0.4,0.2
TRXVUBY128F9341D17,TRUE,0.3,0.2,0.1,0.3,0,0.6,0.4
TRQVKTT128EF342DFA,TRUE,0.5,0.2,0.3,0.3,0.1,0.4,0.3
TRIZQSZ128F4266B51,TRUE,0.4,0.5,0.3,0.1,0.7,0.4,0.2
TRFQYYJ128F1474B4A,TRUE,0.6,0.3,0,0,0.8,0.4,0.1
TRKHHVF128F427B9E8,TRUE,0.3,0.7,0,0,0.4,0.6,0.2
TRMVGZM128F4287A23,TRUE,0.3,0.2,0.8,0.3,0.1,0.2,0.2
TRVEZTY128F92DF22A,TRUE,0.3,0.4,0.5,0.2,0.2,0.3,0.3
TRLWPSH128F9325BDA,TRUE,0.1,0.8,0.4,0.5,0.3,0.4,0.1
TRVLKYW128F9340FC0,TRUE,0.4,0.5,0.1,0,0.6,0.5,0.2
TRJKSTJ128F931E069,FALSE,0,0,0,0,0,0,1
TRREWDK128F425A323,TRUE,0.7,0.2,0,0,0.8,0.4,0.1
TRFSKNL12903CF73E9,TRUE,0.3,0.6,0,0,0.4,0.7,0.3
TRDQNUS128F92C2599,TRUE,0.5,0.3,0,0,0.4,0.7,0.3
TRDUUTL128F1490256,TRUE,0.3,0.6,0.4,0.3,0.5,0.4,0.2
TRQNSUX12903CB2CD1,TRUE,0.4,0.3,0.1,0.1,0.2,0.5,0.3
TRSBJWS12903CB1389,TRUE,0.7,0.2,0.3,0.1,0.6,0.4,0.1
TRCKCXH12903D138D2,TRUE,0.4,0.6,0.1,0.1,0.5,0.5,0.2
TRVPKEP12903CF7B3F,TRUE,0.3,0.2,0.7,0.3,0.1,0.2,0.3
TRFKVUH12903CB1394,TRUE,0.7,0.2,0.3,0.1,0.4,0.5,0.2
TROXHDS12903CB9DB4,TRUE,0.2,0.7,0.3,0.5,0.1,0.6,0.1
TRCINBI12903CFA849,TRUE,0.2,0.6,0.3,0.5,0.3,0.4,0.3
TREZICF12903CA9057,TRUE,0.3,0.4,0.2,0.1,0.2,0.5,0.6
TRWPDIT12903CC503A,TRUE,0.7,0.2,0,0,0.5,0.3,0.2
TROLDUA12903D0617D,TRUE,0.3,0.4,0.7,0.3,0.2,0.3,0.2
TRDFZTB12903CF1CBD,TRUE,0.4,0.6,0.2,0.3,0.3,0.5,0.2
TRSVRSV12903CB5FC8,TRUE,0.4,0.5,0,0,0.6,0.3,0.2
TREDZEV12903CB637A,TRUE,0.5,0.4,0,0,0.3,0.6,0.3
TRRYDOV12903CE4510,TRUE,0.4,0.5,0,0,0.3,0.6,0.3
TRHGIJN12903D08119,TRUE,0.2,0.8,0.1,0.1,0.3,0.6,0.2
TROLEKQ12903D05C95,TRUE,0.3,0.6,0.2,0.3,0.4,0.5,0.2
TRKOBIZ12903CC357F,TRUE,0.3,0.7,0.1,0.2,0.4,0.5,0.2
TRUUKUH12903CACB87,TRUE,0.3,0.2,0.7,0.3,0.1,0.2,0.3
TRAZTIW12903CBB895,TRUE,0.7,0.2,0.3,0.1,0.4,0.3,0.2
TRJNBIZ12903CE39F6,FALSE,0,0,0,0,0,0,1
TRSNZFV12903CF8BC7,FALSE,0,0,0,0,0,0,1
TREBYGM12903CFB1CF,TRUE,0.5,0.2,0.4,0.1,0.3,0.3,0.4
TRRLDTR12903CD1864,TRUE,0.1,0.3,0.8,0.4,0.1,0.2,0.1
TRXTGZZ12903CA62EB,TRUE,0.3,0.6,0.7,0.3,0.2,0.4,0.1
TRKDKXJ12903D140FB,TRUE,0.3,0.5,0.4,0.3,0.2,0.4,0.3
TRDRGDJ12903CE4854,TRUE,0.3,0.4,0.5,0.2,0.3,0.4,0.3
TRGQNOE12903CFCDFD,TRUE,0.4,0.3,0,0,0.5,0.6,0.2
TRBTMMA12903CC9B1E,TRUE,0.5,0.3,0,0,0.7,0.4,0.2
TRUXKNQ12903CA34C8,TRUE,0.5,0.2,0.1,0.1,0.4,0.3,0.4
TRMWKIL12903CA8348,TRUE,0.2,0.7,0.1,0.3,0.4,0.6,0.2
TRVNNZN12903CB5FCB,TRUE,0.5,0.3,0.2,0.1,0.6,0.3,0.2
TRYJGAD128F934B477,TRUE,0.3,0.4,0.2,0.3,0.2,0.5,0.4
TRMRQSF12903CE4500,TRUE,0.4,0.5,0,0,0.3,0.6,0.3
TRZFJWS12903CA1FD3,TRUE,0.1,0.2,0.8,0.6,0,0.1,0.3
TRUJOTP12903C9AF5E,TRUE,0.2,0.5,0.4,0.3,0.1,0.3,0.2
TRWLPAX12903CC4EDF,TRUE,0.2,0.7,0.1,0.1,0.6,0.4,0.2
TRTTPRM12903CCDDDF,TRUE,0.6,0.3,0,0,0.5,0.7,0.2
TRFHVTL12903D022D6,TRUE,0.4,0.6,0,0,0.7,0.5,0.3
TRFFSFL12903CBEBD4,TRUE,0.6,0.2,0,0,0.7,0.5,0.3
TRCZFUQ128F92F781D,TRUE,0.7,0.2,0,0,0.5,0.4,0.1
TRSUBIB12903D0CEB8,TRUE,0.3,0.5,0.6,0.2,0.2,0.4,0.3
TRKSEEY12903CCD312,TRUE,0.4,0.3,0.5,0.1,0.2,0.4,0.3
TRBEVJI12903CCDABA,TRUE,0.3,0.4,0.7,0.5,0.1,0.2,0.2
TRKOPZY12903D0770E,TRUE,0.5,0.3,0,0,0.8,0.4,0.2
TRHMSOT12903D0FFC3,TRUE,0.1,0.8,0.3,0.2,0.2,0.6,0.1
TRPLDXW12903CAC4CC,TRUE,0.6,0.3,0,0,0.4,0.7,0.2
TROAJHT12903CF937C,TRUE,0.6,0.2,0,0,0.5,0.4,0.3
TRDATPO12903CCDF40,TRUE,0.3,0.4,0.5,0.2,0.2,0.3,0.3
TRONDEW12903CE8800,TRUE,0.4,0.6,0.1,0.1,0.7,0.5,0.2
TRVAPWC12903CCFC31,TRUE,0.4,0.3,0.6,0.2,0.3,0.3,0.2
TRRFAML12903CEED56,TRUE,0.6,0.3,0,0,0.2,0.4,0.3
TRQBHMA12903CE44F9,TRUE,0.3,0.6,0,0,0.4,0.7,0.3
TRZNREA12903D0FFCE,TRUE,0.2,0.6,0.5,0.3,0.1,0.4,0.3
TRVLVKZ12903CC47FC,TRUE,0.2,0.7,0.1,0.1,0.3,0.5,0.2
TRZSTYI12903CB48DC,TRUE,0.4,0.3,0.5,0.1,0.2,0.4,0.3
TRZZCIG12903CD85F6,TRUE,0.3,0.1,0.7,0.2,0.1,0.2,0.3
TRWCRBJ12903CD70EA,TRUE,0.7,0,0.1,0,0.3,0.2,0.2
TRXZDHV12903CC2B1E,TRUE,0.5,0.3,0,0,0.7,0.4,0.3
TRCXOWA12903D05588,TRUE,0.3,0.6,0.5,0.2,0.3,0.4,0.1
TRVBYRJ12903CD199F,TRUE,0.4,0.5,0,0,0.6,0.6,0.3
TRYUYNR128F930C69F,TRUE,0.4,0.3,0,0,0.5,0.4,0.3
TRYNWCB128F92F8761,TRUE,0.8,0,0.1,0,0.2,0.3,0.1
TRPFMSL12903CD70F8,TRUE,0.7,0.1,0,0,0.5,0.3,0.2
TRDJIFI12903CCCB0A,TRUE,0.4,0.3,0.2,0.1,0.5,0.2,0.3
TREYOEA12903CE3012,TRUE,0.3,0.6,0,0,0.5,0.7,0.2
TRNZTVL12903CB4B1A,TRUE,0.2,0.1,0.7,0.3,0.1,0.4,0.3
TREVUHZ12903CE5BAF,TRUE,0.4,0.5,0.2,0.1,0.3,0.6,0.3
TRHGTZO12903D1307C,TRUE,0.4,0.5,0.1,0.1,0.3,0.4,0.3
TRVNBBA12903CE91C8,TRUE,0.2,0.8,0.3,0.2,0.4,0.6,0.1
TRPFDNU12903CE8390,TRUE,0.3,0.7,0.1,0.1,0.6,0.5,0.2
TRJRSHQ12903CCDEA4,TRUE,0.3,0.7,0,0,0.4,0.8,0.2
TRQQBBL12903CFCDE4,TRUE,0.4,0.3,0,0,0.3,0.6,0.3
TRBQYSY12903CB48EE,TRUE,0.1,0.4,0.7,0.3,0.1,0.2,0.2
TRPRWIH12903CEB5EE,TRUE,0.4,0.3,0.1,0.1,0.3,0.5,0.4
TRJPJPZ12903CAF7A8,TRUE,0.3,0.4,0.6,0.2,0.1,0.3,0.2
TRBZULW12903CB336B,TRUE,0.3,0.2,0.7,0.3,0.1,0.2,0.2
TRWGXOZ12903D06BF8,TRUE,0.2,0.6,0.3,0.2,0.1,0.4,0.5
TRCJYSK12903CAC82F,TRUE,0.3,0.6,0.4,0.2,0.5,0.4,0.2
TRVSBSX12903CAEC53,TRUE,0.5,0.2,0.4,0.1,0.6,0.3,0.3
TRRTVOA12903D03B03,TRUE,0.3,0.4,0,0,0.7,0.5,0.3
TRNGVGE12903D13D82,TRUE,0.7,0.2,0,0,0.6,0.3,0.2
TRQFIQF12903CBF108,TRUE,0.3,0.5,0,0,0.6,0.4,0.3
TRIWSFN12903CA62FF,TRUE,0.2,0.1,0.8,0.3,0.1,0.2,0.2
TRCYBNV12903D08524,TRUE,0.4,0.5,0,0,0.6,0.5,0.3
TRQOORP12903CC07B5,TRUE,0.1,0.8,0.2,0.3,0.6,0.5,0.1
TRBXWTS12903D09C73,TRUE,0.3,0.6,0,0,0.7,0.5,0.2
TRDIWHZ128F9300E1B,TRUE,0.3,0.2,0.8,0.4,0.1,0.2,0.1
TRQBYJV12903CBD574,TRUE,0.6,0.2,0.1,0,0.3,0.5,0.3
TRGTMXF12903CB6090,TRUE,0.2,0.4,0.8,0.3,0.1,0.2,0.1
TRTUVSR12903CC791D,TRUE,0.4,0.5,0,0,0.6,0.5,0.2
TRXKSBA12903CB1685,TRUE,0.2,0.3,0.8,0.4,0.1,0.2,0.1
TRBQGPL12903CD285F,TRUE,0.4,0.3,0.2,0.1,0.3,0.5,0.4
TRYRZUB12903CBA661,TRUE,0.5,0.1,0.3,0,0.6,0.2,0.3
TRAJRZS12903CE8386,TRUE,0.4,0.6,0,0,0.5,0.7,0.2
TRZXQQG12903CE1DA2,TRUE,0.3,0.6,0,0,0.4,0.7,0.3
TRURCWV12903D0C3F6,TRUE,0.7,0.2,0,0,0.8,0.5,0.1
TRVHAWJ12903CAC504,FALSE,0,0,0,0,0,0,1
TRSBWXI12903D07254,FALSE,0,0,0,0,0,0,1
TRSLLQC12903CD70B6,TRUE,0.8,0,0.1,0,0.3,0.2,0.1
TREMSBX12903CD6562,TRUE,0.3,0.4,0,0,0.2,0.5,0.4
